<?xml version="1.0" encoding="UTF-8"?>
<!DOCTYPE mapper PUBLIC "-//mybatis.org//DTD Mapper 3.0//EN" "http://mybatis.org/dtd/mybatis-3-mapper.dtd">

<mapper namespace="io.renren.modules.invoice.dao.InvoCheckDao">

	<!-- 可根据自己的需求，是否要使用 -->
    <resultMap type="io.renren.modules.invoice.entity.InvoCheckEntity" id="invoCheckMap">
        <result property="id" column="id"/>
        <result property="invoiceSeq" column="invoice_seq"/>
        <result property="scanStr" column="scan_str"/>
        <result property="token" column="token"/>
        <result property="rtnCode" column="rtn_code"/>
        <result property="resultCode" column="result_code"/>
        <result property="invoicefalseCode" column="invoicefalse_code"/>
        <result property="resultMsg" column="result_msg"/>
        <result property="invoiceName" column="invoice_name"/>
        <result property="invoiceResult" column="invoice_result"/>
        <result property="isFree" column="is_free"/>
        <result property="crtUsr" column="crt_usr"/>
        <result property="crtDt" column="crt_dt"/>
        <result property="lastChgUsr" column="last_chg_usr"/>
        <result property="lastChgDt" column="last_chg_dt"/>
        <result property="ext1" column="ext1"/>
        <result property="ext2" column="ext2"/>
        <result property="ext3" column="ext3"/>
        <result property="ext4" column="ext4"/>
        <result property="ext5" column="ext5"/>
    </resultMap>


</mapper>