<?xml version="1.0" encoding="UTF-8"?>
<!DOCTYPE mapper PUBLIC "-//mybatis.org//DTD Mapper 3.0//EN" "http://mybatis.org/dtd/mybatis-3-mapper.dtd">

<mapper namespace="io.renren.modules.invoice.dao.InvoInfoDao">

	<!-- 可根据自己的需求，是否要使用 -->
    <resultMap type="io.renren.modules.invoice.entity.InvoInfoEntity" id="invoInfoMap">
        <result property="id" column="id"/>
        <result property="invoiceSeq" column="invoice_seq"/>
        <result property="invoiceCode" column="invoice_code"/>
        <result property="invoiceNumber" column="invoice_number"/>
        <result property="billTime" column="bill_time"/>
        <result property="checkCode" column="check_code"/>
        <result property="invoiceAmount" column="invoice_amount"/>
        <result property="isChecked" column="is_checked"/>
        <result property="ext1" column="ext1"/>
        <result property="ext2" column="ext2"/>
        <result property="ext3" column="ext3"/>
        <result property="ext4" column="ext4"/>
        <result property="ext5" column="ext5"/>
    </resultMap>


</mapper>